Area Codes ,region,CFR
E40000007,East of England,0.021306
E40000003,London,0.014310
E40000008,Midlands,0.020544
E40000009,North East and Yorkshire,0.020858
E40000010,North West,0.020143
E40000005,South East,0.021440
E40000006,South West,0.023568